[{
    "codigo": 1,
    "nombre": "Carlos Obando",
    "Descripcion": " edad 22",
    "rol": "Desarrollador backend",
    "image": "https://bl3302files.storage.live.com/y4mT8pZnxMeoowwBtXRgE8Pb2yjyaMYITN7Qf9x69q6vzdUwun7ndeSc9UvfNGxo0Fj4-kU34vBgXfOst8TsY_kNfg_6fCJLsymyvGV0yg2nykT5dSMJS8ZMu1uYr8B8LcZ2tMcWx8-x0E_WXj-_yTbBL5kg1uN00Jw5h3RW0r7bEPVOaK8dyvdQtaLCBdLR9vI?width=354&height=402&cropmode=none"
},
{
    "codigo": 2,
    "nombre": "Jorge Andrés Mora A",
    "Descripcion": " edad 37",
    "rol": "Desarrollador backend",
    "image": "https://bl3302files.storage.live.com/y4mUEZHh8E4niKK9wWF8wnpkIGMx24iIgKDhnLj-pSPUmurOO8keUgQ82VISNS78Rw2BM356pcEZzsekiG9jUmfJ3J9B_rN8ScMfudhiaCD-T_q31m4bM5g700_dfp-FanAe0T28NYz7al6OQRi2eXNLuIzYohivRzHPJfr_rLAGsgHdLCn8S-5-VnixxX8L8hN?width=323&height=430&cropmode=none"
},
{
    "codigo": 3,
    "nombre": "Tercer Participante",
    "Descripcion": " edad 28",
    "rol": "Documentador",
    "image": "https://bl3302files.storage.live.com/y4mUEZHh8E4niKK9wWF8wnpkIGMx24iIgKDhnLj-pSPUmurOO8keUgQ82VISNS78Rw2BM356pcEZzsekiG9jUmfJ3J9B_rN8ScMfudhiaCD-T_q31m4bM5g700_dfp-FanAe0T28NYz7al6OQRi2eXNLuIzYohivRzHPJfr_rLAGsgHdLCn8S-5-VnixxX8L8hN?width=323&height=430&cropmode=none"
},
{
    "codigo": 4,
    "nombre": "Cuarto Participante",
    "Descripcion": " edad 28",
    "rol": "Documentador",
    "image": "https://bl3302files.storage.live.com/y4mUEZHh8E4niKK9wWF8wnpkIGMx24iIgKDhnLj-pSPUmurOO8keUgQ82VISNS78Rw2BM356pcEZzsekiG9jUmfJ3J9B_rN8ScMfudhiaCD-T_q31m4bM5g700_dfp-FanAe0T28NYz7al6OQRi2eXNLuIzYohivRzHPJfr_rLAGsgHdLCn8S-5-VnixxX8L8hN?width=323&height=430&cropmode=none"
},
{
    "codigo": 5,
    "nombre": "Quinto Participante",
    "Descripcion": " edad 28",
    "rol": "Documentador",
    "image": "https://bl3302files.storage.live.com/y4mUEZHh8E4niKK9wWF8wnpkIGMx24iIgKDhnLj-pSPUmurOO8keUgQ82VISNS78Rw2BM356pcEZzsekiG9jUmfJ3J9B_rN8ScMfudhiaCD-T_q31m4bM5g700_dfp-FanAe0T28NYz7al6OQRi2eXNLuIzYohivRzHPJfr_rLAGsgHdLCn8S-5-VnixxX8L8hN?width=323&height=430&cropmode=none"
}
]